i,j,distance_km,driving_time_hours,time_in_region,demand_i,stops_per_tour,annual_tours,c_ij
01,01,0.0,0.0,8.0,13500,50.0,270.0,108000.0
01,09,99.77,1.43,5.15,13500,31.0,436.0,174400.0
01,19,233.11,3.33,1.34,13500,5.6,2412.0,964800.0
01,20,71.81,1.03,5.95,13500,36.32,372.0,148800.0
01,22,196.23,2.8,2.39,13500,12.62,1070.0,428000.0
01,26,47.09,0.67,6.65,13500,41.03,330.0,132000.0
01,31,82.64,1.18,5.64,13500,34.26,395.0,158000.0
01,33,258.16,3.69,0.62,13500,1.0,13500.0,5400000.0
01,34,151.65,2.17,3.67,13500,21.11,640.0,256000.0
01,39,113.85,1.63,4.75,13500,28.31,477.0,190800.0
01,40,225.57,3.22,1.56,13500,7.03,1920.0,768000.0
01,42,152.16,2.17,3.65,13500,21.02,643.0,257200.0
01,47,215.26,3.08,1.85,13500,9.0,1501.0,600400.0
01,48,50.41,0.72,6.56,13500,40.4,335.0,134000.0
01,50,199.27,2.85,2.31,13500,12.04,1121.0,448400.0
02,02,0.0,0.0,8.0,5250,50.0,105.0,42000.0
02,03,137.7,1.97,4.07,5250,23.77,221.0,88400.0
02,04,246.73,3.52,0.95,5250,3.0,1749.0,699600.0
02,12,214.84,3.07,1.86,5250,9.08,579.0,231600.0
02,13,116.75,1.67,4.66,5250,27.76,190.0,76000.0
02,16,89.87,1.28,5.43,5250,32.88,160.0,64000.0
02,18,252.73,3.61,0.78,5250,1.86,2820.0,1128000.0
02,19,214.13,3.06,1.88,5250,9.21,570.0,228000.0
02,23,198.31,2.83,2.33,5250,12.23,430.0,172000.0
02,28,222.47,3.18,1.64,5250,7.62,689.0,275600.0
02,30,130.87,1.87,4.26,5250,25.07,210.0,84000.0
02,44,223.71,3.2,1.61,5250,7.39,711.0,284400.0
02,45,212.85,3.04,1.92,5250,9.46,556.0,222400.0
02,46,135.11,1.93,4.14,5250,24.26,217.0,86800.0
03,02,137.7,1.97,4.07,42000,23.77,1767.0,706800.0
03,03,0.0,0.0,8.0,42000,50.0,840.0,336000.0
03,04,243.75,3.48,1.04,42000,3.57,11762.0,4704800.0
03,12,221.57,3.17,1.67,42000,7.8,5387.0,2154800.0
03,13,249.97,3.57,0.86,42000,2.39,17600.0,7040000.0
03,16,212.95,3.04,1.92,42000,9.44,4451.0,1780400.0
03,23,276.19,3.95,0.11,42000,1.0,42000.0,16800000.0
03,30,67.2,0.96,6.08,42000,37.2,1130.0,452000.0
03,44,272.37,3.89,0.22,42000,1.0,42000.0,16800000.0
03,46,123.46,1.76,4.47,42000,26.48,1586.0,634400.0
04,02,246.73,3.52,0.95,10000,3.0,3331.0,1332400.0
04,03,243.75,3.48,1.04,10000,3.57,2801.0,1120400.0
04,04,0.0,0.0,8.0,10000,50.0,200.0,80000.0
04,13,265.25,3.79,0.42,10000,1.0,10000.0,4000000.0
04,14,231.75,3.31,1.38,10000,5.86,1708.0,683200.0
04,18,103.56,1.48,5.04,10000,30.27,331.0,132400.0
04,23,147.51,2.11,3.79,10000,21.9,457.0,182800.0
04,29,173.54,2.48,3.04,10000,16.95,591.0,236400.0
04,30,176.9,2.53,2.95,10000,16.3,614.0,245600.0
05,05,0.0,0.0,8.0,2000,50.0,40.0,16000.0
05,06,240.93,3.44,1.12,2000,4.11,487.0,194800.0
05,09,231.69,3.31,1.38,2000,5.87,341.0,136400.0
05,10,172.37,2.46,3.08,2000,17.17,117.0,46800.0
05,13,188.65,2.7,2.61,2000,14.07,143.0,57200.0
05,16,226.33,3.23,1.53,2000,6.89,291.0,116400.0
05,19,159.68,2.28,3.44,2000,19.58,103.0,41200.0
05,24,279.59,3.99,0.01,2000,1.0,2000.0,800000.0
05,28,85.42,1.22,5.56,2000,33.73,60.0,24000.0
05,34,239.8,3.43,1.15,2000,4.32,463.0,185200.0
05,37,121.14,1.73,4.54,2000,26.93,75.0,30000.0
05,40,94.15,1.35,5.31,2000,32.07,63.0,25200.0
05,42,218.31,3.12,1.76,2000,8.42,238.0,95200.0
05,45,77.11,1.1,5.8,2000,35.31,57.0,22800.0
05,47,137.89,1.97,4.06,2000,23.73,85.0,34000.0
05,49,150.78,2.15,3.69,2000,21.28,94.0,37600.0
06,05,240.93,3.44,1.12,10500,4.11,2556.0,1022400.0
06,06,0.0,0.0,8.0,10500,50.0,210.0,84000.0
06,10,93.89,1.34,5.32,10500,32.12,327.0,130800.0
06,11,264.16,3.77,0.45,10500,1.0,10500.0,4200000.0
06,14,167.44,2.39,3.22,10500,18.11,580.0,232000.0
06,21,173.22,2.47,3.05,10500,17.01,618.0,247200.0
06,23,261.98,3.74,0.51,10500,1.0,10500.0,4200000.0
06,29,277.88,3.97,0.06,10500,1.0,10500.0,4200000.0
06,37,255.01,3.64,0.71,10500,1.43,7362.0,2944800.0
06,41,149.91,2.14,3.72,10500,21.45,490.0,196000.0
06,45,248.27,3.55,0.91,10500,2.71,3873.0,1549200.0
08,08,0.0,0.0,8.0,536500,50.0,10730.0,4292000.0
08,12,221.47,3.16,1.67,536500,7.82,68647.0,27458800.0
08,17,84.83,1.21,5.58,536500,33.84,15854.0,6341600.0
08,22,235.44,3.36,1.27,536500,5.15,104088.0,41635200.0
08,25,115.18,1.65,4.71,536500,28.06,19120.0,7648000.0
08,43,92.69,1.32,5.35,536500,32.34,16587.0,6634800.0
08,44,249.19,3.56,0.88,536500,2.53,211654.0,84661600.0
08,50,254.33,3.63,0.73,536500,1.56,344847.0,137938800.0
09,01,99.77,1.43,5.15,6500,31.0,210.0,84000.0
09,05,231.69,3.31,1.38,6500,5.87,1108.0,443200.0
09,09,0.0,0.0,8.0,6500,50.0,130.0,52000.0
09,19,188.88,2.7,2.6,6500,14.02,464.0,185600.0
09,20,171.2,2.45,3.11,6500,17.39,374.0,149600.0
09,22,273.57,3.91,0.18,6500,1.0,6500.0,2600000.0
09,24,226.57,3.24,1.53,6500,6.84,950.0,380000.0
09,26,102.4,1.46,5.07,6500,30.5,214.0,85600.0
09,28,213.84,3.05,1.89,6500,9.27,702.0,280800.0
09,31,173.05,2.47,3.06,6500,17.04,382.0,152800.0
09,33,205.27,2.93,2.14,6500,10.9,597.0,238800.0
09,34,70.19,1.0,5.99,6500,36.63,178.0,71200.0
09,37,243.54,3.48,1.04,6500,3.61,1801.0,720400.0
09,39,124.3,1.78,4.45,6500,26.32,247.0,98800.0
09,40,140.61,2.01,3.98,6500,23.22,280.0,112000.0
09,42,134.88,1.93,4.15,6500,24.31,268.0,107200.0
09,45,268.53,3.84,0.33,6500,1.0,6500.0,2600000.0
09,47,115.89,1.66,4.69,6500,27.92,233.0,93200.0
09,48,119.29,1.7,4.59,6500,27.28,239.0,95600.0
09,49,193.66,2.77,2.47,6500,13.11,496.0,198400.0
09,50,244.01,3.49,1.03,6500,3.52,1846.0,738400.0
10,05,172.37,2.46,3.08,10000,17.17,583.0,233200.0
10,06,93.89,1.34,5.32,10000,32.12,312.0,124800.0
10,10,0.0,0.0,8.0,10000,50.0,200.0,80000.0
10,13,274.88,3.93,0.15,10000,1.0,10000.0,4000000.0
10,14,228.8,3.27,1.46,10000,6.42,1558.0,623200.0
10,21,262.48,3.75,0.5,10000,1.0,10000.0,4000000.0
10,28,248.73,3.55,0.89,10000,2.62,3813.0,1525200.0
10,37,162.13,2.32,3.37,10000,19.12,524.0,209600.0
10,40,261.38,3.73,0.53,10000,1.0,10000.0,4000000.0
10,41,241.24,3.45,1.11,10000,4.05,2469.0,987600.0
10,45,205.68,2.94,2.12,10000,10.82,924.0,369600.0
10,47,273.28,3.9,0.19,10000,1.0,10000.0,4000000.0
10,49,226.81,3.24,1.52,10000,6.8,1471.0,588400.0
11,06,264.16,3.77,0.45,17000,1.0,17000.0,6800000.0
11,11,0.0,0.0,8.0,17000,50.0,340.0,136000.0
11,14,191.11,2.73,2.54,17000,13.6,1251.0,500400.0
11,18,213.98,3.06,1.89,17000,9.24,1840.0,736000.0
11,21,162.55,2.32,3.36,17000,19.04,893.0,357200.0
11,23,253.27,3.62,0.76,17000,1.76,9673.0,3869200.0
11,29,124.38,1.78,4.45,17000,26.31,647.0,258800.0
11,41,114.66,1.64,4.72,17000,28.16,604.0,241600.0
12,02,214.84,3.07,1.86,24500,9.08,2699.0,1079600.0
12,03,221.57,3.17,1.67,24500,7.8,3143.0,1257200.0
12,08,221.47,3.16,1.67,24500,7.82,3135.0,1254000.0
12,12,0.0,0.0,8.0,24500,50.0,490.0,196000.0
12,16,192.23,2.75,2.51,24500,13.39,1831.0,732400.0
12,19,245.25,3.5,0.99,24500,3.29,7455.0,2982000.0
12,22,236.12,3.37,1.25,24500,5.02,4877.0,1950800.0
12,25,165.2,2.36,3.28,24500,18.53,1322.0,528800.0
12,30,275.77,3.94,0.12,24500,1.0,24500.0,9800000.0
12,42,248.11,3.54,0.91,24500,2.74,8940.0,3576000.0
12,43,133.07,1.9,4.2,24500,24.65,994.0,397600.0
12,44,78.65,1.12,5.75,24500,35.02,700.0,280000.0
12,46,100.13,1.43,5.14,24500,30.93,793.0,317200.0
12,50,165.87,2.37,3.26,24500,18.41,1332.0,532800.0
13,02,116.75,1.67,4.66,12250,27.76,442.0,176800.0
13,03,249.97,3.57,0.86,12250,2.39,5134.0,2053600.0
13,04,265.25,3.79,0.42,12250,1.0,12250.0,4900000.0
13,05,188.65,2.7,2.61,12250,14.07,871.0,348400.0
13,10,274.88,3.93,0.15,12250,1.0,12250.0,4900000.0
13,13,0.0,0.0,8.0,12250,50.0,245.0,98000.0
13,14,196.83,2.81,2.38,12250,12.51,980.0,392000.0
13,16,111.69,1.6,4.81,12250,28.73,427.0,170800.0
13,18,223.09,3.19,1.63,12250,7.51,1632.0,652800.0
13,19,180.73,2.58,2.84,12250,15.58,787.0,314800.0
13,23,150.56,2.15,3.7,12250,21.32,575.0,230000.0
13,28,146.74,2.1,3.81,12250,22.05,556.0,222400.0
13,30,224.08,3.2,1.6,12250,7.32,1675.0,670000.0
13,40,230.96,3.3,1.4,12250,6.01,2040.0,816000.0
13,42,265.57,3.79,0.41,12250,1.0,12250.0,4900000.0
13,45,112.11,1.6,4.8,12250,28.65,428.0,171200.0
13,46,242.03,3.46,1.08,12250,3.9,3143.0,1257200.0
14,04,231.75,3.31,1.38,9250,5.86,1580.0,632000.0
14,06,167.44,2.39,3.22,9250,18.11,511.0,204400.0
14,10,228.8,3.27,1.46,9250,6.42,1441.0,576400.0
14,11,191.11,2.73,2.54,9250,13.6,681.0,272400.0
14,13,196.83,2.81,2.38,9250,12.51,740.0,296000.0
14,14,0.0,0.0,8.0,9250,50.0,185.0,74000.0
14,18,130.57,1.87,4.27,9250,25.13,369.0,147600.0
14,21,225.45,3.22,1.56,9250,7.06,1311.0,524400.0
14,23,103.31,1.48,5.05,9250,30.32,306.0,122400.0
14,29,132.96,1.9,4.2,9250,24.67,375.0,150000.0
14,41,118.42,1.69,4.62,9250,27.44,338.0,135200.0
14,45,238.19,3.4,1.19,9250,4.63,1998.0,799200.0
15,15,0.0,0.0,8.0,112750,50.0,2255.0,902000.0
15,24,181.87,2.6,2.8,112750,15.36,7341.0,2936400.0
15,27,77.38,1.11,5.79,112750,35.26,3198.0,1279200.0
15,32,118.6,1.69,4.61,112750,27.41,4114.0,1645600.0
15,33,212.86,3.04,1.92,112750,9.46,11924.0,4769600.0
15,36,119.42,1.71,4.59,112750,27.25,4138.0,1655200.0
16,02,89.87,1.28,5.43,2750,32.88,84.0,33600.0
16,03,212.95,3.04,1.92,2750,9.44,292.0,116800.0
16,05,226.33,3.23,1.53,2750,6.89,400.0,160000.0
16,12,192.23,2.75,2.51,2750,13.39,206.0,82400.0
16,13,111.69,1.6,4.81,2750,28.73,96.0,38400.0
16,16,0.0,0.0,8.0,2750,50.0,55.0,22000.0
16,19,125.2,1.79,4.42,2750,26.15,106.0,42400.0
16,23,247.71,3.54,0.92,2750,2.82,976.0,390400.0
16,28,148.22,2.12,3.77,2750,21.77,127.0,50800.0
16,30,219.27,3.13,1.74,2750,8.23,334.0,133600.0
16,40,221.51,3.16,1.67,2750,7.81,353.0,141200.0
16,42,193.77,2.77,2.46,2750,13.09,211.0,84400.0
16,44,169.29,2.42,3.16,2750,17.76,155.0,62000.0
16,45,159.07,2.27,3.46,2750,19.7,140.0,56000.0
16,46,154.11,2.2,3.6,2750,20.65,134.0,53600.0
16,50,235.88,3.37,1.26,2750,5.07,543.0,217200.0
17,08,84.83,1.21,5.58,83750,33.84,2475.0,990000.0
17,17,0.0,0.0,8.0,83750,50.0,1675.0,670000.0
17,22,268.11,3.83,0.34,83750,1.0,83750.0,33500000.0
17,25,172.94,2.47,3.06,83750,17.06,4910.0,1964000.0
17,43,172.3,2.46,3.08,83750,17.18,4875.0,1950000.0
18,02,252.73,3.61,0.78,83000,1.86,44582.0,17832800.0
18,04,103.56,1.48,5.04,83000,30.27,2742.0,1096800.0
18,11,213.98,3.06,1.89,83000,9.24,8981.0,3592400.0
18,13,223.09,3.19,1.63,83000,7.51,11056.0,4422400.0
18,14,130.57,1.87,4.27,83000,25.13,3303.0,1321200.0
18,18,0.0,0.0,8.0,83000,50.0,1660.0,664000.0
18,23,73.89,1.06,5.89,83000,35.93,2311.0,924400.0
18,29,91.63,1.31,5.38,83000,32.55,2551.0,1020400.0
18,30,236.13,3.37,1.25,83000,5.02,16527.0,6610800.0
18,41,210.46,3.01,1.99,83000,9.91,8374.0,3349600.0
19,01,233.11,3.33,1.34,1250,5.6,224.0,89600.0
19,02,214.13,3.06,1.88,1250,9.21,136.0,54400.0
19,05,159.68,2.28,3.44,1250,19.58,64.0,25600.0
19,09,188.88,2.7,2.6,1250,14.02,90.0,36000.0
19,12,245.25,3.5,0.99,1250,3.29,381.0,152400.0
19,13,180.73,2.58,2.84,1250,15.58,81.0,32400.0
19,16,125.2,1.79,4.42,1250,26.15,48.0,19200.0
19,19,0.0,0.0,8.0,1250,50.0,25.0,10000.0
19,22,278.31,3.98,0.05,1250,1.0,1250.0,500000.0
19,26,192.63,2.75,2.5,1250,13.31,94.0,37600.0
19,28,79.07,1.13,5.74,1250,34.94,36.0,14400.0
19,31,248.59,3.55,0.9,1250,2.65,472.0,188800.0
19,34,240.98,3.44,1.11,1250,4.1,305.0,122000.0
19,37,259.61,3.71,0.58,1250,1.0,1250.0,500000.0
19,40,110.64,1.58,4.84,1250,28.92,44.0,17600.0
19,42,85.68,1.22,5.55,1250,33.68,38.0,15200.0
19,44,182.49,2.61,2.79,1250,15.24,83.0,33200.0
19,45,133.55,1.91,4.18,1250,24.56,51.0,20400.0
19,46,253.64,3.62,0.75,1250,1.69,741.0,296400.0
19,47,183.9,2.63,2.75,1250,14.97,84.0,33600.0
19,48,278.62,3.98,0.04,1250,1.0,1250.0,500000.0
19,49,254.61,3.64,0.73,1250,1.5,832.0,332800.0
19,50,193.13,2.76,2.48,1250,13.21,95.0,38000.0
20,01,71.81,1.03,5.95,42500,36.32,1171.0,468400.0
20,09,171.2,2.45,3.11,42500,17.39,2444.0,977600.0
20,20,0.0,0.0,8.0,42500,50.0,850.0,340000.0
20,22,166.3,2.38,3.25,42500,18.32,2320.0,928000.0
20,26,97.34,1.39,5.22,42500,31.46,1351.0,540400.0
20,31,59.68,0.85,6.29,42500,38.63,1101.0,440400.0
20,34,216.87,3.1,1.8,42500,8.69,4891.0,1956400.0
20,39,146.15,2.09,3.82,42500,22.16,1918.0,767200.0
20,42,203.75,2.91,2.18,42500,11.19,3798.0,1519200.0
20,48,74.15,1.06,5.88,42500,35.88,1185.0,474000.0
20,50,203.85,2.91,2.18,42500,11.17,3805.0,1522000.0
21,06,173.22,2.47,3.05,3250,17.01,192.0,76800.0
21,10,262.48,3.75,0.5,3250,1.0,3250.0,1300000.0
21,11,162.55,2.32,3.36,3250,19.04,171.0,68400.0
21,14,225.45,3.22,1.56,3250,7.06,461.0,184400.0
21,21,0.0,0.0,8.0,3250,50.0,65.0,26000.0
21,29,252.29,3.6,0.79,3250,1.94,1672.0,668800.0
21,41,111.3,1.59,4.82,3250,28.8,113.0,45200.0
22,01,196.23,2.8,2.39,6750,12.62,535.0,214000.0
22,08,235.44,3.36,1.27,6750,5.15,1310.0,524000.0
22,09,273.57,3.91,0.18,6750,1.0,6750.0,2700000.0
22,12,236.12,3.37,1.25,6750,5.02,1344.0,537600.0
22,17,268.11,3.83,0.34,6750,1.0,6750.0,2700000.0
22,19,278.31,3.98,0.05,6750,1.0,6750.0,2700000.0
22,20,166.3,2.38,3.25,6750,18.32,369.0,147600.0
22,22,0.0,0.0,8.0,6750,50.0,135.0,54000.0
22,25,128.2,1.83,4.34,6750,25.58,264.0,105600.0
22,26,171.82,2.45,3.09,6750,17.27,391.0,156400.0
22,31,116.01,1.66,4.69,6750,27.9,242.0,96800.0
22,42,207.3,2.96,2.08,6750,10.51,643.0,257200.0
22,43,187.69,2.68,2.64,6750,14.25,474.0,189600.0
22,44,182.45,2.61,2.79,6750,15.25,443.0,177200.0
22,48,230.54,3.29,1.41,6750,6.09,1109.0,443600.0
22,50,95.61,1.37,5.27,6750,31.79,213.0,85200.0
23,02,198.31,2.83,2.33,17750,12.23,1452.0,580800.0
23,03,276.19,3.95,0.11,17750,1.0,17750.0,7100000.0
23,04,147.51,2.11,3.79,17750,21.9,811.0,324400.0
23,06,261.98,3.74,0.51,17750,1.0,17750.0,7100000.0
23,11,253.27,3.62,0.76,17750,1.76,10100.0,4040000.0
23,13,150.56,2.15,3.7,17750,21.32,833.0,333200.0
23,14,103.31,1.48,5.05,17750,30.32,586.0,234400.0
23,16,247.71,3.54,0.92,17750,2.82,6299.0,2519600.0
23,18,73.89,1.06,5.89,17750,35.93,495.0,198000.0
23,23,0.0,0.0,8.0,17750,50.0,355.0,142000.0
23,29,145.86,2.08,3.83,17750,22.22,799.0,319600.0
23,30,218.61,3.12,1.75,17750,8.36,2124.0,849600.0
23,41,214.06,3.06,1.88,17750,9.23,1924.0,769600.0
23,45,236.87,3.38,1.23,17750,4.88,3636.0,1454400.0
24,05,279.59,3.99,0.01,16250,1.0,16250.0,6500000.0
24,09,226.57,3.24,1.53,16250,6.84,2375.0,950000.0
24,15,181.87,2.6,2.8,16250,15.36,1059.0,423600.0
24,24,0.0,0.0,8.0,16250,50.0,325.0,130000.0
24,27,104.52,1.49,5.01,16250,30.09,541.0,216400.0
24,32,120.16,1.72,4.57,16250,27.11,600.0,240000.0
24,33,104.51,1.49,5.01,16250,30.09,540.0,216000.0
24,34,158.9,2.27,3.46,16250,19.73,824.0,329600.0
24,36,189.21,2.7,2.59,16250,13.96,1165.0,466000.0
24,37,183.53,2.62,2.76,16250,15.04,1081.0,432400.0
24,39,235.45,3.36,1.27,16250,5.15,3155.0,1262000.0
24,40,251.16,3.59,0.82,16250,2.16,7525.0,3010000.0
24,47,173.66,2.48,3.04,16250,16.92,961.0,384400.0
24,49,129.85,1.85,4.29,16250,25.27,644.0,257600.0
25,08,115.18,1.65,4.71,51000,28.06,1818.0,727200.0
25,12,165.2,2.36,3.28,51000,18.53,2752.0,1100800.0
25,17,172.94,2.47,3.06,51000,17.06,2990.0,1196000.0
25,22,128.2,1.83,4.34,51000,25.58,1994.0,797600.0
25,25,0.0,0.0,8.0,51000,50.0,1020.0,408000.0
25,31,241.07,3.44,1.11,51000,4.08,12495.0,4998000.0
25,42,278.28,3.98,0.05,51000,1.0,51000.0,20400000.0
25,43,63.2,0.9,6.19,51000,37.96,1344.0,537600.0
25,44,158.03,2.26,3.48,51000,19.9,2563.0,1025200.0
25,46,265.08,3.79,0.43,51000,1.0,51000.0,20400000.0
25,50,140.53,2.01,3.98,51000,23.23,2196.0,878400.0
26,01,47.09,0.67,6.65,3000,41.03,74.0,29600.0
26,09,102.4,1.46,5.07,3000,30.5,99.0,39600.0
26,19,192.63,2.75,2.5,3000,13.31,226.0,90400.0
26,20,97.34,1.39,5.22,3000,31.46,96.0,38400.0
26,22,171.82,2.45,3.09,3000,17.27,174.0,69600.0
26,26,0.0,0.0,8.0,3000,50.0,60.0,24000.0
26,28,249.59,3.57,0.87,3000,2.46,1220.0,488000.0
26,31,74.5,1.06,5.87,3000,35.81,84.0,33600.0
26,34,167.76,2.4,3.21,3000,18.05,167.0,66800.0
26,39,156.56,2.24,3.53,3000,20.18,149.0,59600.0
26,40,202.64,2.89,2.21,3000,11.4,264.0,105600.0
26,42,108.75,1.55,4.89,3000,29.29,103.0,41200.0
26,44,235.76,3.37,1.26,3000,5.09,589.0,235600.0
26,47,208.81,2.98,2.03,3000,10.23,294.0,117600.0
26,48,97.5,1.39,5.21,3000,31.43,96.0,38400.0
26,50,157.73,2.25,3.49,3000,19.96,151.0,60400.0
27,15,77.38,1.11,5.79,31250,35.26,887.0,354800.0
27,24,104.52,1.49,5.01,31250,30.09,1039.0,415600.0
27,27,0.0,0.0,8.0,31250,50.0,625.0,250000.0
27,32,79.9,1.14,5.72,31250,34.78,899.0,359600.0
27,33,149.25,2.13,3.74,31250,21.57,1449.0,579600.0
27,34,255.03,3.64,0.71,31250,1.42,21954.0,8781600.0
27,36,125.3,1.79,4.42,31250,26.13,1196.0,478400.0
27,37,265.1,3.79,0.43,31250,1.0,31250.0,12500000.0
27,47,277.8,3.97,0.06,31250,1.0,31250.0,12500000.0
27,49,223.91,3.2,1.6,31250,7.35,4252.0,1700800.0
28,02,222.47,3.18,1.64,490500,7.62,64335.0,25734000.0
28,05,85.42,1.22,5.56,490500,33.73,14542.0,5816800.0
28,09,213.84,3.05,1.89,490500,9.27,52917.0,21166800.0
28,10,248.73,3.55,0.89,490500,2.62,187014.0,74805600.0
28,13,146.74,2.1,3.81,490500,22.05,22246.0,8898400.0
28,16,148.22,2.12,3.77,490500,21.77,22534.0,9013600.0
28,19,79.07,1.13,5.74,490500,34.94,14039.0,5615600.0
28,26,249.59,3.57,0.87,490500,2.46,199413.0,79765200.0
28,28,0.0,0.0,8.0,490500,50.0,9810.0,3924000.0
28,34,246.51,3.52,0.96,490500,3.05,161069.0,64427600.0
28,37,198.84,2.84,2.32,490500,12.13,40450.0,16180000.0
28,40,84.63,1.21,5.58,490500,33.88,14478.0,5791200.0
28,42,153.43,2.19,3.62,490500,20.77,23611.0,9444400.0
28,44,255.79,3.65,0.69,490500,1.28,383879.0,153551600.0
28,45,60.21,0.86,6.28,490500,38.53,12730.0,5092000.0
28,47,161.31,2.3,3.39,490500,19.27,25450.0,10180000.0
28,49,210.36,3.01,1.99,490500,9.93,49387.0,19754800.0
28,50,272.11,3.89,0.23,490500,1.0,490500.0,196200000.0
29,04,173.54,2.48,3.04,157500,16.95,9295.0,3718000.0
29,06,277.88,3.97,0.06,157500,1.0,157500.0,63000000.0
29,11,124.38,1.78,4.45,157500,26.31,5987.0,2394800.0
29,14,132.96,1.9,4.2,157500,24.67,6384.0,2553600.0
29,18,91.63,1.31,5.38,157500,32.55,4840.0,1936000.0
29,21,252.29,3.6,0.79,157500,1.94,80981.0,32392400.0
29,23,145.86,2.08,3.83,157500,22.22,7089.0,2835600.0
29,29,0.0,0.0,8.0,157500,50.0,3150.0,1260000.0
29,41,152.82,2.18,3.63,157500,20.89,7540.0,3016000.0
30,02,130.87,1.87,4.26,7500,25.07,300.0,120000.0
30,03,67.2,0.96,6.08,7500,37.2,202.0,80800.0
30,04,176.9,2.53,2.95,7500,16.3,460.0,184000.0
30,12,275.77,3.94,0.12,7500,1.0,7500.0,3000000.0
30,13,224.08,3.2,1.6,7500,7.32,1025.0,410000.0
30,16,219.27,3.13,1.74,7500,8.23,911.0,364400.0
30,18,236.13,3.37,1.25,7500,5.02,1494.0,597600.0
30,23,218.61,3.12,1.75,7500,8.36,898.0,359200.0
30,30,0.0,0.0,8.0,7500,50.0,150.0,60000.0
30,46,175.65,2.51,2.98,7500,16.54,454.0,181600.0
31,01,82.64,1.18,5.64,15250,34.26,446.0,178400.0
31,09,173.05,2.47,3.06,15250,17.04,896.0,358400.0
31,19,248.59,3.55,0.9,15250,2.65,5755.0,2302000.0
31,20,59.68,0.85,6.29,15250,38.63,395.0,158000.0
31,22,116.01,1.66,4.69,15250,27.9,547.0,218800.0
31,25,241.07,3.44,1.11,15250,4.08,3737.0,1494800.0
31,26,74.5,1.06,5.87,15250,35.81,426.0,170400.0
31,31,0.0,0.0,8.0,15250,50.0,305.0,122000.0
31,34,232.49,3.32,1.36,15250,5.72,2668.0,1067200.0
31,39,188.22,2.69,2.62,15250,14.15,1078.0,431200.0
31,40,275.07,3.93,0.14,15250,1.0,15250.0,6100000.0
31,42,163.24,2.33,3.34,15250,18.91,807.0,322800.0
31,44,237.98,3.4,1.2,15250,4.67,3266.0,1306400.0
31,48,114.74,1.64,4.72,15250,28.15,542.0,216800.0
31,50,144.19,2.06,3.88,15250,22.54,677.0,270800.0
32,15,118.6,1.69,4.61,38000,27.41,1387.0,554800.0
32,24,120.16,1.72,4.57,38000,27.11,1402.0,560800.0
32,27,79.9,1.14,5.72,38000,34.78,1093.0,437200.0
32,32,0.0,0.0,8.0,38000,50.0,760.0,304000.0
32,33,205.39,2.93,2.13,38000,10.88,3494.0,1397600.0
32,34,277.74,3.97,0.06,38000,1.0,38000.0,15200000.0
32,36,69.38,0.99,6.02,38000,36.78,1034.0,413600.0
32,37,221.25,3.16,1.68,38000,7.86,4836.0,1934400.0
32,47,270.24,3.86,0.28,38000,1.0,38000.0,15200000.0
32,49,197.79,2.83,2.35,38000,12.33,3083.0,1233200.0
33,01,258.16,3.69,0.62,19750,1.0,19750.0,7900000.0
33,09,205.27,2.93,2.14,19750,10.9,1812.0,724800.0
33,15,212.86,3.04,1.92,19750,9.46,2089.0,835600.0
33,24,104.51,1.49,5.01,19750,30.09,657.0,262800.0
33,27,149.25,2.13,3.74,19750,21.57,916.0,366400.0
33,32,205.39,2.93,2.13,19750,10.88,1816.0,726400.0
33,33,0.0,0.0,8.0,19750,50.0,395.0,158000.0
33,34,138.47,1.98,4.04,19750,23.62,837.0,334800.0
33,36,268.06,3.83,0.34,19750,1.0,19750.0,7900000.0
33,37,269.45,3.85,0.3,19750,1.0,19750.0,7900000.0
33,39,159.45,2.28,3.44,19750,19.63,1007.0,402800.0
33,47,210.34,3.0,1.99,19750,9.94,1988.0,795200.0
33,48,230.52,3.29,1.41,19750,6.09,3243.0,1297200.0
33,49,206.73,2.95,2.09,19750,10.62,1860.0,744000.0
34,01,151.65,2.17,3.67,1000,21.11,48.0,19200.0
34,05,239.8,3.43,1.15,1000,4.32,232.0,92800.0
34,09,70.19,1.0,5.99,1000,36.63,28.0,11200.0
34,19,240.98,3.44,1.11,1000,4.1,244.0,97600.0
34,20,216.87,3.1,1.8,1000,8.69,116.0,46400.0
34,24,158.9,2.27,3.46,1000,19.73,51.0,20400.0
34,26,167.76,2.4,3.21,1000,18.05,56.0,22400.0
34,27,255.03,3.64,0.71,1000,1.42,703.0,281200.0
34,28,246.51,3.52,0.96,1000,3.05,329.0,131600.0
34,31,232.49,3.32,1.36,1000,5.72,175.0,70000.0
34,32,277.74,3.97,0.06,1000,1.0,1000.0,400000.0
34,33,138.47,1.98,4.04,1000,23.62,43.0,17200.0
34,34,0.0,0.0,8.0,1000,50.0,20.0,8000.0
34,37,215.53,3.08,1.84,1000,8.95,112.0,44800.0
34,39,114.67,1.64,4.72,1000,28.16,36.0,14400.0
34,40,163.2,2.33,3.34,1000,18.91,53.0,21200.0
34,42,200.8,2.87,2.26,1000,11.75,86.0,34400.0
34,47,103.1,1.47,5.05,1000,30.36,33.0,13200.0
34,48,149.33,2.13,3.73,1000,21.56,47.0,18800.0
34,49,155.41,2.22,3.56,1000,20.4,50.0,20000.0
36,15,119.42,1.71,4.59,85250,27.25,3129.0,1251600.0
36,24,189.21,2.7,2.59,85250,13.96,6107.0,2442800.0
36,27,125.3,1.79,4.42,85250,26.13,3263.0,1305200.0
36,32,69.38,0.99,6.02,85250,36.78,2318.0,927200.0
36,33,268.06,3.83,0.34,85250,1.0,85250.0,34100000.0
36,36,0.0,0.0,8.0,85250,50.0,1705.0,682000.0
36,37,271.87,3.88,0.23,85250,1.0,85250.0,34100000.0
36,49,259.05,3.7,0.6,85250,1.0,85250.0,34100000.0
37,05,121.14,1.73,4.54,10000,26.93,372.0,148800.0
37,06,255.01,3.64,0.71,10000,1.43,7011.0,2804400.0
37,09,243.54,3.48,1.04,10000,3.61,2770.0,1108000.0
37,10,162.13,2.32,3.37,10000,19.12,524.0,209600.0
37,19,259.61,3.71,0.58,10000,1.0,10000.0,4000000.0
37,24,183.53,2.62,2.76,10000,15.04,665.0,266000.0
37,27,265.1,3.79,0.43,10000,1.0,10000.0,4000000.0
37,28,198.84,2.84,2.32,10000,12.13,825.0,330000.0
37,32,221.25,3.16,1.68,10000,7.86,1273.0,509200.0
37,33,269.45,3.85,0.3,10000,1.0,10000.0,4000000.0
37,34,215.53,3.08,1.84,10000,8.95,1118.0,447200.0
37,36,271.87,3.88,0.23,10000,1.0,10000.0,4000000.0
37,37,0.0,0.0,8.0,10000,50.0,200.0,80000.0
37,40,156.12,2.23,3.54,10000,20.26,494.0,197600.0
37,45,197.35,2.82,2.36,10000,12.41,806.0,322400.0
37,47,127.95,1.83,4.34,10000,25.63,391.0,156400.0
37,49,64.71,0.92,6.15,10000,37.67,266.0,106400.0
39,01,113.85,1.63,4.75,24000,28.31,848.0,339200.0
39,09,124.3,1.78,4.45,24000,26.32,912.0,364800.0
39,20,146.15,2.09,3.82,24000,22.16,1083.0,433200.0
39,24,235.45,3.36,1.27,24000,5.15,4659.0,1863600.0
39,26,156.56,2.24,3.53,24000,20.18,1190.0,476000.0
39,31,188.22,2.69,2.62,24000,14.15,1697.0,678800.0
39,33,159.45,2.28,3.44,24000,19.63,1223.0,489200.0
39,34,114.67,1.64,4.72,24000,28.16,853.0,341200.0
39,39,0.0,0.0,8.0,24000,50.0,480.0,192000.0
39,40,261.35,3.73,0.53,24000,1.0,24000.0,9600000.0
39,42,242.96,3.47,1.06,24000,3.72,6448.0,2579200.0
39,47,215.15,3.07,1.85,24000,9.02,2661.0,1064400.0
39,48,73.99,1.06,5.89,24000,35.91,669.0,267600.0
39,49,268.3,3.83,0.33,24000,1.0,24000.0,9600000.0
40,01,225.57,3.22,1.56,2250,7.03,320.0,128000.0
40,05,94.15,1.35,5.31,2250,32.07,71.0,28400.0
40,09,140.61,2.01,3.98,2250,23.22,97.0,38800.0
40,10,261.38,3.73,0.53,2250,1.0,2250.0,900000.0
40,13,230.96,3.3,1.4,2250,6.01,375.0,150000.0
40,16,221.51,3.16,1.67,2250,7.81,289.0,115600.0
40,19,110.64,1.58,4.84,2250,28.92,78.0,31200.0
40,24,251.16,3.59,0.82,2250,2.16,1042.0,416800.0
40,26,202.64,2.89,2.21,2250,11.4,198.0,79200.0
40,28,84.63,1.21,5.58,2250,33.88,67.0,26800.0
40,31,275.07,3.93,0.14,2250,1.0,2250.0,900000.0
40,34,163.2,2.33,3.34,2250,18.91,119.0,47600.0
40,37,156.12,2.23,3.54,2250,20.26,112.0,44800.0
40,39,261.35,3.73,0.53,2250,1.0,2250.0,900000.0
40,40,0.0,0.0,8.0,2250,50.0,45.0,18000.0
40,42,137.07,1.96,4.08,2250,23.89,95.0,38000.0
40,45,130.79,1.87,4.26,2250,25.09,90.0,36000.0
40,47,78.61,1.12,5.75,2250,35.03,65.0,26000.0
40,48,257.24,3.67,0.65,2250,1.0,2247.0,898800.0
40,49,144.02,2.06,3.89,2250,22.57,100.0,40000.0
40,50,274.41,3.92,0.16,2250,1.0,2250.0,900000.0
41,06,149.91,2.14,3.72,209500,21.45,9769.0,3907600.0
41,10,241.24,3.45,1.11,209500,4.05,51726.0,20690400.0
41,11,114.66,1.64,4.72,209500,28.16,7440.0,2976000.0
41,14,118.42,1.69,4.62,209500,27.44,7634.0,3053600.0
41,18,210.46,3.01,1.99,209500,9.91,21137.0,8454800.0
41,21,111.3,1.59,4.82,209500,28.8,7275.0,2910000.0
41,23,214.06,3.06,1.88,209500,9.23,22709.0,9083600.0
41,29,152.82,2.18,3.63,209500,20.89,10029.0,4011600.0
41,41,0.0,0.0,8.0,209500,50.0,4190.0,1676000.0
42,01,152.16,2.17,3.65,2250,21.02,108.0,43200.0
42,05,218.31,3.12,1.76,2250,8.42,268.0,107200.0
42,09,134.88,1.93,4.15,2250,24.31,93.0,37200.0
42,12,248.11,3.54,0.91,2250,2.74,822.0,328800.0
42,13,265.57,3.79,0.41,2250,1.0,2250.0,900000.0
42,16,193.77,2.77,2.46,2250,13.09,172.0,68800.0
42,19,85.68,1.22,5.55,2250,33.68,67.0,26800.0
42,20,203.75,2.91,2.18,2250,11.19,202.0,80800.0
42,22,207.3,2.96,2.08,2250,10.51,215.0,86000.0
42,25,278.28,3.98,0.05,2250,1.0,2250.0,900000.0
42,26,108.75,1.55,4.89,2250,29.29,77.0,30800.0
42,28,153.43,2.19,3.62,2250,20.77,109.0,43600.0
42,31,163.24,2.33,3.34,2250,18.91,120.0,48000.0
42,34,200.8,2.87,2.26,2250,11.75,192.0,76800.0
42,39,242.96,3.47,1.06,2250,3.72,605.0,242000.0
42,40,137.07,1.96,4.08,2250,23.89,95.0,38000.0
42,42,0.0,0.0,8.0,2250,50.0,45.0,18000.0
42,44,171.61,2.45,3.1,2250,17.31,130.0,52000.0
42,45,212.85,3.04,1.92,2250,9.46,238.0,95200.0
42,47,183.31,2.62,2.76,2250,15.08,150.0,60000.0
42,48,200.39,2.86,2.27,2250,11.83,191.0,76400.0
42,49,267.23,3.82,0.36,2250,1.0,2250.0,900000.0
42,50,138.17,1.97,4.05,2250,23.68,96.0,38400.0
43,08,92.69,1.32,5.35,73500,32.34,2273.0,909200.0
43,12,133.07,1.9,4.2,73500,24.65,2982.0,1192800.0
43,17,172.3,2.46,3.08,73500,17.18,4279.0,1711600.0
43,22,187.69,2.68,2.64,73500,14.25,5158.0,2063200.0
43,25,63.2,0.9,6.19,73500,37.96,1937.0,774800.0
43,43,0.0,0.0,8.0,73500,50.0,1470.0,588000.0
43,44,156.98,2.24,3.51,73500,20.1,3657.0,1462800.0
43,46,227.19,3.25,1.51,73500,6.73,10929.0,4371600.0
43,50,176.44,2.52,2.96,73500,16.39,4484.0,1793600.0
44,02,223.71,3.2,1.61,2250,7.39,305.0,122000.0
44,03,272.37,3.89,0.22,2250,1.0,2250.0,900000.0
44,08,249.19,3.56,0.88,2250,2.53,888.0,355200.0
44,12,78.65,1.12,5.75,2250,35.02,65.0,26000.0
44,16,169.29,2.42,3.16,2250,17.76,127.0,50800.0
44,19,182.49,2.61,2.79,2250,15.24,148.0,59200.0
44,22,182.45,2.61,2.79,2250,15.25,148.0,59200.0
44,25,158.03,2.26,3.48,2250,19.9,114.0,45600.0
44,26,235.76,3.37,1.26,2250,5.09,442.0,176800.0
44,28,255.79,3.65,0.69,2250,1.28,1761.0,704400.0
44,31,237.98,3.4,1.2,2250,4.67,482.0,192800.0
44,42,171.61,2.45,3.1,2250,17.31,130.0,52000.0
44,43,156.98,2.24,3.51,2250,20.1,112.0,44800.0
44,44,0.0,0.0,8.0,2250,50.0,45.0,18000.0
44,46,150.63,2.15,3.7,2250,21.31,106.0,42400.0
44,50,96.36,1.38,5.25,2250,31.65,72.0,28800.0
45,02,212.85,3.04,1.92,15000,9.46,1587.0,634800.0
45,05,77.11,1.1,5.8,15000,35.31,425.0,170000.0
45,06,248.27,3.55,0.91,15000,2.71,5533.0,2213200.0
45,09,268.53,3.84,0.33,15000,1.0,15000.0,6000000.0
45,10,205.68,2.94,2.12,15000,10.82,1386.0,554400.0
45,13,112.11,1.6,4.8,15000,28.65,524.0,209600.0
45,14,238.19,3.4,1.19,15000,4.63,3239.0,1295600.0
45,16,159.07,2.27,3.46,15000,19.7,762.0,304800.0
45,19,133.55,1.91,4.18,15000,24.56,611.0,244400.0
45,23,236.87,3.38,1.23,15000,4.88,3073.0,1229200.0
45,28,60.21,0.86,6.28,15000,38.53,390.0,156000.0
45,37,197.35,2.82,2.36,15000,12.41,1209.0,483600.0
45,40,130.79,1.87,4.26,15000,25.09,598.0,239200.0
45,42,212.85,3.04,1.92,15000,9.46,1586.0,634400.0
45,45,0.0,0.0,8.0,15000,50.0,300.0,120000.0
45,47,198.25,2.83,2.34,15000,12.24,1226.0,490400.0
45,49,226.51,3.24,1.53,15000,6.86,2188.0,875200.0
46,02,135.11,1.93,4.14,52250,24.26,2154.0,861600.0
46,03,123.46,1.76,4.47,52250,26.48,1973.0,789200.0
46,12,100.13,1.43,5.14,52250,30.93,1690.0,676000.0
46,13,242.03,3.46,1.08,52250,3.9,13404.0,5361600.0
46,16,154.11,2.2,3.6,52250,20.65,2531.0,1012400.0
46,19,253.64,3.62,0.75,52250,1.69,30962.0,12384800.0
46,25,265.08,3.79,0.43,52250,1.0,52250.0,20900000.0
46,30,175.65,2.51,2.98,52250,16.54,3159.0,1263600.0
46,43,227.19,3.25,1.51,52250,6.73,7769.0,3107600.0
46,44,150.63,2.15,3.7,52250,21.31,2453.0,981200.0
46,46,0.0,0.0,8.0,52250,50.0,1045.0,418000.0
46,50,246.99,3.53,0.94,52250,2.96,17682.0,7072800.0
47,01,215.26,3.08,1.85,33750,9.0,3751.0,1500400.0
47,05,137.89,1.97,4.06,33750,23.73,1422.0,568800.0
47,09,115.89,1.66,4.69,33750,27.92,1209.0,483600.0
47,10,273.28,3.9,0.19,33750,1.0,33750.0,13500000.0
47,19,183.9,2.63,2.75,33750,14.97,2255.0,902000.0
47,24,173.66,2.48,3.04,33750,16.92,1995.0,798000.0
47,26,208.81,2.98,2.03,33750,10.23,3301.0,1320400.0
47,27,277.8,3.97,0.06,33750,1.0,33750.0,13500000.0
47,28,161.31,2.3,3.39,33750,19.27,1752.0,700800.0
47,32,270.24,3.86,0.28,33750,1.0,33750.0,13500000.0
47,33,210.34,3.0,1.99,33750,9.94,3397.0,1358800.0
47,34,103.1,1.47,5.05,33750,30.36,1112.0,444800.0
47,37,127.95,1.83,4.34,33750,25.63,1317.0,526800.0
47,39,215.15,3.07,1.85,33750,9.02,3743.0,1497200.0
47,40,78.61,1.12,5.75,33750,35.03,964.0,385600.0
47,42,183.31,2.62,2.76,33750,15.08,2238.0,895200.0
47,45,198.25,2.83,2.34,33750,12.24,2758.0,1103200.0
47,47,0.0,0.0,8.0,33750,50.0,675.0,270000.0
47,48,232.44,3.32,1.36,33750,5.73,5894.0,2357600.0
47,49,85.78,1.23,5.55,33750,33.66,1003.0,401200.0
48,01,50.41,0.72,6.56,65000,40.4,1609.0,643600.0
48,09,119.29,1.7,4.59,65000,27.28,2383.0,953200.0
48,19,278.62,3.98,0.04,65000,1.0,65000.0,26000000.0
48,20,74.15,1.06,5.88,65000,35.88,1812.0,724800.0
48,22,230.54,3.29,1.41,65000,6.09,10677.0,4270800.0
48,26,97.5,1.39,5.21,65000,31.43,2069.0,827600.0
48,31,114.74,1.64,4.72,65000,28.15,2310.0,924000.0
48,33,230.52,3.29,1.41,65000,6.09,10671.0,4268400.0
48,34,149.33,2.13,3.73,65000,21.56,3016.0,1206400.0
48,39,73.99,1.06,5.89,65000,35.91,1811.0,724400.0
48,40,257.24,3.67,0.65,65000,1.0,64893.0,25957200.0
48,42,200.39,2.86,2.27,65000,11.83,5495.0,2198000.0
48,47,232.44,3.32,1.36,65000,5.73,11351.0,4540400.0
48,48,0.0,0.0,8.0,65000,50.0,1300.0,520000.0
48,50,246.08,3.52,0.97,65000,3.13,20784.0,8313600.0
49,05,150.78,2.15,3.69,6000,21.28,282.0,112800.0
49,09,193.66,2.77,2.47,6000,13.11,458.0,183200.0
49,10,226.81,3.24,1.52,6000,6.8,883.0,353200.0
49,19,254.61,3.64,0.73,6000,1.5,3991.0,1596400.0
49,24,129.85,1.85,4.29,6000,25.27,238.0,95200.0
49,27,223.91,3.2,1.6,6000,7.35,817.0,326800.0
49,28,210.36,3.01,1.99,6000,9.93,605.0,242000.0
49,32,197.79,2.83,2.35,6000,12.33,487.0,194800.0
49,33,206.73,2.95,2.09,6000,10.62,565.0,226000.0
49,34,155.41,2.22,3.56,6000,20.4,295.0,118000.0
49,36,259.05,3.7,0.6,6000,1.0,6000.0,2400000.0
49,37,64.71,0.92,6.15,6000,37.67,160.0,64000.0
49,39,268.3,3.83,0.33,6000,1.0,6000.0,2400000.0
49,40,144.02,2.06,3.89,6000,22.57,266.0,106400.0
49,42,267.23,3.82,0.36,6000,1.0,6000.0,2400000.0
49,45,226.51,3.24,1.53,6000,6.86,876.0,350400.0
49,47,85.78,1.23,5.55,6000,33.66,179.0,71600.0
49,49,0.0,0.0,8.0,6000,50.0,120.0,48000.0
50,01,199.27,2.85,2.31,78250,12.04,6498.0,2599200.0
50,08,254.33,3.63,0.73,78250,1.56,50297.0,20118800.0
50,09,244.01,3.49,1.03,78250,3.52,22216.0,8886400.0
50,12,165.87,2.37,3.26,78250,18.41,4252.0,1700800.0
50,16,235.88,3.37,1.26,78250,5.07,15431.0,6172400.0
50,19,193.13,2.76,2.48,78250,13.21,5923.0,2369200.0
50,20,203.85,2.91,2.18,78250,11.17,7005.0,2802000.0
50,22,95.61,1.37,5.27,78250,31.79,2462.0,984800.0
50,25,140.53,2.01,3.98,78250,23.23,3369.0,1347600.0
50,26,157.73,2.25,3.49,78250,19.96,3922.0,1568800.0
50,28,272.11,3.89,0.23,78250,1.0,78250.0,31300000.0
50,31,144.19,2.06,3.88,78250,22.54,3473.0,1389200.0
50,40,274.41,3.92,0.16,78250,1.0,78250.0,31300000.0
50,42,138.17,1.97,4.05,78250,23.68,3305.0,1322000.0
50,43,176.44,2.52,2.96,78250,16.39,4774.0,1909600.0
50,44,96.36,1.38,5.25,78250,31.65,2473.0,989200.0
50,46,246.99,3.53,0.94,78250,2.96,26481.0,10592400.0
50,48,246.08,3.52,0.97,78250,3.13,25021.0,10008400.0
50,50,0.0,0.0,8.0,78250,50.0,1565.0,626000.0
